<?xml version="1.0" encoding="utf-8"?>
<layer-list xmlns:android="http://schemas.android.com/apk/res/android" >

    <!-- Drop Shadow Stack -->
    <item>
        <shape>
            <padding
                android:bottom="2dp"
                android:left="2dp"
                android:right="2dp"
                android:top="2dp" />

            <solid android:color="#0000397D" />

            <corners android:radius="@dimen/radius_corner" />
        </shape>
    </item>
    <item>
        <shape>
            <padding
                android:bottom="2dp"
                android:left="2dp"
                android:right="2dp"
                android:top="2dp" />

            <solid android:color="#0300397D" />

            <corners android:radius="@dimen/radius_corner" />
        </shape>
    </item>
    <item>
        <shape>
            <padding
                android:bottom="1dp"
                android:left="2dp"
                android:right="2dp"
                android:top="1dp" />

            <solid android:color="#0700397D" />

            <corners android:radius="@dimen/radius_corner" />
        </shape>
    </item>
    <item>
        <shape>
            <padding
                android:bottom="2dp"
                android:left="1dp"
                android:right="1dp"
                android:top="0dp" />

            <solid android:color="#1100397D" />

            <corners android:radius="@dimen/radius_corner" />
        </shape>
    </item>
    <item>
        <shape>
            <padding
                android:bottom="1dp"
                android:left="1dp"
                android:right="1dp"
                android:top="0dp" />

            <solid android:color="#1500397D" />

            <corners android:radius="@dimen/radius_corner" />
        </shape>
    </item>


    <!-- Background -->
    <item>
        <shape>
            <solid android:color="@android:color/white" />

            <corners android:radius="@dimen/radius_corner" />
        </shape>
    </item>

</layer-list>