<vector android:height="24dp" android:viewportHeight="508"
    android:viewportWidth="508" android:width="24dp" xmlns:android="http://schemas.android.com/apk/res/android">
    <path android:fillColor="#334A5E" android:pathData="M355.7,378H152.1c-11.7,0 -21.2,9.5 -21.2,21.2v83.4h246v-83.4C376.9,387.4 367.4,378 355.7,378z"/>
    <path android:fillColor="#41596B" android:pathData="M98.5,482.6h310.8v25.4h-310.8z"/>
    <path android:fillColor="#FFD05C" android:pathData="M296,313.8l-15.1,-47.2l-54,0l-15.1,47.2l-20.5,64.2l125.2,0z"/>
    <path android:fillColor="#F6B44B" android:pathData="M296,313.8c-13.2,8.5 -27.3,15.7 -42.1,21.7c-14.8,-6 -29,-13.3 -42.1,-21.7l15.1,-47.2h54L296,313.8z"/>
    <path android:fillColor="#F6B44B" android:pathData="M277.2,244.7h-46.5c-116.1,0 -210.5,-94.4 -210.5,-210.5V17.4h467.6v16.8C487.7,150.3 393.2,244.7 277.2,244.7zM54.5,51c8.5,89.7 84.2,160.1 176.1,160.1h46.5c91.9,0 167.6,-70.4 176.1,-160.1H54.5z"/>
    <path android:fillColor="#FFD05C" android:pathData="M95.4,0v89.4c0,103.3 62.7,196.2 158.5,234.8c95.8,-38.6 158.5,-131.6 158.5,-234.8V0H95.4z"/>
    <path android:fillColor="#FFFFFF" android:pathData="M339.2,134.2c0,42.3 -30.8,77.5 -71.3,84.2c-4.6,0.7 -9.3,1.1 -14.1,1.1c-44.3,0 -80.8,-33.8 -84.9,-77c-0.3,-2.8 -0.4,-5.5 -0.4,-8.4c0,-47.1 38.2,-85.3 85.3,-85.3C301,48.8 339.2,87 339.2,134.2z"/>
    <path android:fillColor="#F05540" android:pathData="M253.9,67.3l19.3,39.2l43.3,6.3l-31.3,30.5l7.4,43l-38.7,-20.3l-38.7,20.3l7.4,-43l-31.3,-30.5l43.2,-6.3z"/>
</vector>
