<?xml version="1.0" encoding="utf-8"?>
<layer-list xmlns:android="http://schemas.android.com/apk/res/android">
    <item>
        <shape android:shape="oval">
            <solid android:color="#40000000" />
        </shape>
    </item>
    <item
        android:bottom="2dp"
        android:left="2dp"
        android:right="2dp"
        android:top="2dp">
        <shape android:shape="oval">
            <solid android:color="#40000000" />
        </shape>
    </item>
    <item
        android:bottom="2dp"
        android:right="2dp">
        <shape android:shape="oval">
            <gradient
                android:centerX="0%"
                android:centerY="0%"
                android:endColor="#FFFFFF"
                android:gradientRadius="400"
                android:startColor="#FFFFFF"
                android:type="radial" />
        </shape>
    </item>
</layer-list>