<layer-list xmlns:android="http://schemas.android.com/apk/res/android">

    <item android:id="@android:id/background">
        <shape>
            <corners android:radius="0dip" />
            <gradient
                android:startColor="#EDEDED"
                android:centerColor="#EDEDED"
                android:centerY="0.75"
                android:endColor="#EDEDED"
                android:angle="270"
                />
        </shape>
    </item>

    <item android:id="@android:id/secondaryProgress">
        <clip>
            <shape>
                <corners android:radius="5dip" />
                <gradient
                    android:startColor="#80Cf2017"
                    android:centerColor="#80Cf3017"
                    android:centerY="0.75"
                    android:endColor="#a0ffcb00"
                    android:angle="270"
                    />
            </shape>
        </clip>
    </item>

    <item android:id="@android:id/progress">
        <clip>
            <shape>
                <corners
                    android:radius="0dip" />
                <gradient
                    android:startColor="@color/colorPrimary"
                    android:endColor="@color/colorPrimary"
                    android:angle="270"
                    />
            </shape>
        </clip>
    </item>

</layer-list>