<?xml version="1.0" encoding="utf-8"?>
<ripple xmlns:android="http://schemas.android.com/apk/res/android"
    xmlns:tools="http://schemas.android.com/tools"
    android:color="@color/colorPrimaryDark"
    tools:targetApi="lollipop">
    <item android:id="@android:id/mask"
        tools:targetApi="lollipop">
        <shape android:shape="rectangle">
            <solid android:color="@color/yellow"></solid>

            <stroke
                android:width="2dp"
                android:color="@color/white"></stroke>



            <corners android:radius="32dp"></corners>

        </shape>
    </item>

    <item android:id="@android:id/background">
        <shape android:shape="rectangle">
            <gradient
                android:angle="90"
                android:endColor="@color/colorPrimary"
                android:startColor="@color/colorPrimary"
                android:type="linear" />
            <corners android:radius="32dp" />
        </shape>
    </item>
</ripple>