<?xml version="1.0" encoding="utf-8"?>
<layer-list xmlns:android="http://schemas.android.com/apk/res/android">
    <item>
        <shape android:shape="rectangle">
            <solid android:color="#ffd7d7d7" />
            <corners android:radius="5.0dip" />
        </shape>
    </item>
    <item
        android:bottom="1.0dip"
        android:left="0.0dip"
        android:right="0.0dip"
        android:top="0.0dip">
        <shape android:shape="rectangle">
            <solid android:color="@color/white" />
            <corners android:radius="5.0dip" />
        </shape>
    </item>
</layer-list>